inn,name,revenue_year,revenue,segment_tag,source,okved_main,employees,region,site,phone,email
9713014531,"ООО ""ПРО-ДВИЖЕНИЕ""",2024,2000000,BTL,checko_custom_parser,Деятельность рекламных агентств,1,Псков,,+7 903 479-49-49,
2311323569,"ООО ""АПЕЛЬСИН""",2024,9200000,BTL,checko_custom_parser,Деятельность рекламных агентств,5,Самара,,,
6102070858,"ООО ""АЙ КЬЮ""",2024,0,BTL,checko_custom_parser,Деятельность рекламных агентств,1,Москва,,,
7839112029,"ООО ""ЦРР ""МАДЖЕНТА""",2024,6600000,BTL,checko_custom_parser,Деятельность рекламных агентств,,Москва,,,lenlus72@mail.ru
7708312338,"ООО ""СПУТНИКИ""",2024,23000000,BTL,checko_custom_parser,Деятельность рекламных агентств,7,Екатеринбург,вустюгсежк.рф,+7 967 038-55-55,
7804179343,"ООО ""ТРЕНИНГОВОЕ АГЕНТСТВО ""МАСТЕР-КЛАСС""",2024,60200000,BTL,checko_custom_parser,Консультирование по вопросам коммерческой деятельности и управления,12,Санкт-Петербург,master-class.spb.ru,+7 812 611-11-06,m3@master-class.spb.ru
9703062046,"ООО ""АЙ КЬЮ МЕДИА""",2024,0,BTL,checko_custom_parser,Деятельность рекламных агентств,0,Москва,,,
7720589287,"ООО ""РПК ""НАВИГАТОР""",2024,5600000,BTL,checko_custom_parser,Деятельность рекламных агентств,,Казань,,+7 495 649-60-23,7720589287_772001001@eo.tensor.ru
7714930438,"ООО ""ИДЕЯ ФИКС ЭДЖЕНСИ""",2024,,BTL,checko_custom_parser,Деятельность рекламных агентств,,Челябинск,,+7 916 684-11-55,mmakovey@yandex.ru
7728475475,"ООО ""АЙ КЬЮ АЙ ЭС""",2024,16399999,BTL,checko_custom_parser,Консультирование по вопросам коммерческой деятельности и управления,,Москва,,,
7802776344,"ООО ""ТЕС ПРО""",2024,1700000,BTL,checko_custom_parser,Консультирование по вопросам коммерческой деятельности и управления,,Санкт-Петербург,,,info@tespro.ru
5406832383,"ООО ""ЦЕНТР СОБЫТИЙ""",2024,,BTL,checko_custom_parser,Консультирование по вопросам коммерческой деятельности и управления,0,Петрозаводск,,,ecenter23@bk.ru
5904286391,"ООО ""ПРИЗМА""",2024,133400000,BTL,checko_custom_parser,Деятельность рекламная,19,Петрозаводск,prizma59.ru,+7 908 276-52-20,info@prizma59.ru
1001211327,"ООО РЕКЛАМНОЕ АГЕНТСТВО"" СЕКТОР""",2024,31000,BTL,checko_custom_parser,Деятельность рекламная,1,Москва,,+7 911 410-65-76,
1650350653,"ООО ""ПК ""РЕКЛАМА-ЦЕНТР-1""",2024,9600000,BTL,checko_custom_parser,Деятельность рекламных агентств,1,Санкт-Петербург,,,dali-c@mail.ru
7202194055,"ООО КА ""ПИОНЕР""",2024,75200000,BTL,checko_custom_parser,Деятельность рекламных агентств,,Барнаул,,+7 922 267-24-24,buch.megapolis@gmail.com
2308276573,"АО ""ФОРМУЛА ТРАФИКА""",2024,533400000,BTL,checko_custom_parser,Деятельность рекламных агентств,11,Чебоксары,,,
4211018847,"ООО ""АРТ-МАСТЕР""",2024,6000000,BTL,checko_custom_parser,Деятельность рекламных агентств,,Барнаул,,+7 383 201-15-31,
7720400164,"ООО ""ИЗИ ИНТЕРАКТИВ""",2024,83000,BTL,checko_custom_parser,Деятельность рекламных агентств,1,Москва,,,info@easyinteractiv.ru
4443025315,"ЗАО ""ПРЕЗИДЕНТ-КОНСАЛТИНГ""",2024,17700000,BTL,checko_custom_parser,Консультирование по вопросам коммерческой деятельности и управления,9,Пермь,,+7 094 235-04-91,
5260350775,"ООО РА ""АПЕЛЬСИН""",2024,11400000,BTL,checko_custom_parser,Деятельность рекламная,,Самара,,+7 831 439-16-40,apn@apelsinn.com
5407485936,"ООО ""УСПЕХ""",2024,14500000,BTL,checko_custom_parser,Деятельность рекламных агентств,9,Санкт-Петербург,,+7 383 271-57-70,375-45-39@lenta.ru
7703422680,"ООО ""ЭДВАНС МЕДИА ГРУП""",2024,339000000,BTL,checko_custom_parser,Деятельность рекламных агентств,5,Москва,,,
7814839180,"ООО ""АПМ""",2024,,BTL,checko_custom_parser,Деятельность рекламных агентств,0,Москва,,,
3665127002,"ООО ""ИНТЕРАКТИВ""",2024,1100000,BTL,checko_custom_parser,Деятельность рекламных агентств,1,Москва,igroup.pro,,c@igroup.pro
2721184862,"ООО ""АЙ КЬЮ СЕРВИС""",2024,8400000,BTL,checko_custom_parser,Деятельность рекламных агентств,1,Москва,artkhv.ru,+7 999 794-19-87,
7704357962,"ООО ""ЦЕНТР ВНЕШНЕЭКОНОМИЧЕСКИХ ИНИЦИАТИВ""",2024,,BTL,checko_custom_parser,Консультирование по вопросам коммерческой деятельности и управления,0,Нижний Новгород,,,
7820067990,"ООО ""АЛЕКС АКГ""",2024,7000000,BTL,checko_custom_parser,Консультирование по вопросам коммерческой деятельности и управления,,Москва,,,aacg.buh@yandex.ru
9704126704,"ООО ""КОМАНДА НАВИГАТОР""",2024,211100000,BTL,checko_custom_parser,Деятельность рекламных агентств,,Казань,,,
6311142739,"ООО ""ТВИН МЕДИА ГРУПП""",2024,,BTL,checko_custom_parser,Деятельность рекламных агентств,1,Санкт-Петербург,,,
5504114655,"ООО ""РА ""СМГ МАРКЕТ""",2024,3000000,BTL,checko_custom_parser,Деятельность рекламных агентств,0,Омск,,+7 381 244-88-45,bushirina62@mail.ru
7716623513,"ООО ""РЕВОЛЮШН""",2024,342100000,BTL,checko_custom_parser,Деятельность рекламных агентств,27,Москва,revolution-marketing.ru,+7 495 640-55-99,info@revolution-marketing.ru
5257143257,"ООО ""АКОСТА ГРУПП""",2024,260200000,BTL,checko_custom_parser,Деятельность рекламных агентств,38,Нижний Новгород,acostamerch.ru,+7 831 410-94-24,
1500018576,"ООО ""ПРИЗМА""",2024,,BTL,checko_custom_parser,Деятельность рекламных агентств,1,Петрозаводск,,+7 918 829-45-96,
9710140182,"ООО ""МД-ГРУПП""",2024,,BTL,checko_custom_parser,Деятельность рекламных агентств,,Нижний Новгород,,,ole1312@mail.ru
9722028234,"ООО ""СЕКТОР ПРИЗ""",2024,8900000,BTL,checko_custom_parser,Деятельность рекламных агентств,1,Москва,,,
7719476553,"ООО ""РПК ЭКСПЕРТУС""",2024,7500000,BTL,checko_custom_parser,Деятельность рекламных агентств,1,Москва,ekspertus.ru,+7 495 902-52-52,alex@ekspertus.ru
9709099652,"ООО ""ФОРМУЛА РЕКЛАМЫ""",2024,104300000,BTL,checko_custom_parser,Деятельность рекламных агентств,15,Чебоксары,,,info@adformula.ru
7728674590,"ООО ""ЭЙС ТАРГЕТ""",2024,1500000000,BTL,checko_custom_parser,Деятельность рекламных агентств,1331,Москва,ace-target.ru,+7 495 685-94-58,lukina@funtob.ru
3662134611,"ООО ""ПРОМО-СИТИ""",2024,90200000,BTL,checko_custom_parser,Деятельность рекламная,13,Казань,,,
7842091139,"ООО ""БТЛ РЕГИОН""",2024,315100000,BTL,checko_custom_parser,Деятельность рекламных агентств,7,Санкт-Петербург,,,buh@btl-piter.com
7814603184,"ООО ""ПИКМЕДИА ИНТЕРАКТИВ""",2024,6900000,BTL,checko_custom_parser,Деятельность рекламных агентств,,Москва,,,dspikin@yandex.ru
7813604450,"ООО ""МАСТЕР ИН СТРАНА""",2024,518299999,BTL,checko_custom_parser,Деятельность рекламных агентств,9,Санкт-Петербург,master-in.ru,+7 495 255-06-07,
2311323569,"ООО ""АПЕЛЬСИН""",2024,9200000,BTL,checko_custom_parser,Деятельность рекламных агентств,5,Красноярск,,,
3525366593,"ООО ""РА ЭПАТАЖ""",2024,12600000,BTL,checko_custom_parser,Деятельность рекламных агентств,,Брянск,,+7 817 256-21-05,ra-epatazh@mail.ru
2221228688,"ООО ""РА АРТ-МАСТЕР""",2024,38100000,BTL,checko_custom_parser,Деятельность рекламных агентств,,Барнаул,,+7 385 255-53-09,info@artmaster22.ru
4205394000,"ООО ""ИДЕЯ ПЛЮС""",2024,16600000,BTL,checko_custom_parser,Деятельность в сфере связей с общественностью,7,Чебоксары,,,rustam.iskandarov.96@bk.ru
6321162533,"ООО ""ПРО-ДВИЖЕНИЕ""",2024,51300000,BTL,checko_custom_parser,Деятельность рекламных агентств,,Псков,,+7 927 893-13-77,
7708436238,"АО ""ПРЕМИУМ СИСТЕМА""",2024,,BTL,checko_custom_parser,Консультирование по вопросам коммерческой деятельности и управления,1,Ростов-на-Дону,,,
7725187905,"ООО ""КОМПАНИЯ ""ЭКСПРЕСС-РЕКЛАМА""",2024,42000000,BTL,checko_custom_parser,Деятельность рекламных агентств,,Санкт-Петербург,,+7 495 921-36-08,exr@exr.ru
7704354231,"ООО ""ПИОНЕР-СЕРВИС""",2024,25000000,BTL,checko_custom_parser,Консультирование по вопросам коммерческой деятельности и управления,10,Барнаул,service.pioneer.ru,,infouk@pioneer.ru
7736305276,"ООО ""КРЕОН ПМ""",2024,,BTL,checko_custom_parser,Исследование конъюнктуры рынка и изучение общественного мнения,,Москва,,,sm@creonenergy.ru
7730270482,"ООО ""АЙ КЬЮ КОНСАЛТ""",2024,,BTL,checko_custom_parser,Консультирование по вопросам коммерческой деятельности и управления,0,Москва,,,lervits@gmail.com
7726710814,"ООО ""ПРОМО ПОЛЕ""",2024,298900000,BTL,checko_custom_parser,Деятельность рекламных агентств,6,Казань,,+7 499 723-63-13,
7720844949,"ООО ""ПРИЗМА""",2024,240000,BTL,checko_custom_parser,Консультирование по вопросам коммерческой деятельности и управления,0,Петрозаводск,,,przm2021@yandex.ru
6685176042,"ООО ""ТПК-СИСТЕМА""",2024,78300000,BTL,checko_custom_parser,Консультирование по вопросам коммерческой деятельности и управления,,Ростов-на-Дону,,,ivshina@tpk-company.ru
7203366758,"ООО ""АЙ КЬЮ ОНЛАЙН МАРКЕТИНГ""",2024,,BTL,checko_custom_parser,Деятельность рекламных агентств,0,Москва,avto1sto.ru,+7 908 874-89-63,personal@iq-adv.ru
3906149460,"ООО ""АВЕНЮ""",2024,,BTL,checko_custom_parser,Деятельность туроператоров,0,Владивосток,,+7 401 277-21-12,anna@avenue-agency.ru
7810401860,"ООО ""АПЕЛЬСИН""",2024,1000000,BTL,checko_custom_parser,Деятельность рекламных агентств,1,Красноярск,,,9853162@mail.ru
7703642156,"ООО ""РЕКЛАМНОЕ АГЕНТСТВО ""ОМИ""",2024,3400000,BTL,checko_custom_parser,Деятельность рекламных агентств,,Москва,o-m-i.ru,,7703642156_773001001@eo.tensor.ru
7804311834,"ООО ""ПРИЗМА""",2024,83000,BTL,checko_custom_parser,Деятельность рекламных агентств,1,Петрозаводск,metal812.ru,+7 911 253-42-69,
7717505262,"ООО ""СИ-БИ-АЙ ПИОНЕР""",2024,40600000,BTL,checko_custom_parser,Деятельность рекламных агентств,6,Барнаул,cbiconsult.com,+7 903 799-42-76,info@cbiconsult.com
2626042963,"ООО ""БИЗНЕС-ПРИОР""",2024,,BTL,checko_custom_parser,Консультирование по вопросам коммерческой деятельности и управления,1,Москва,business-prior.ru,+7 928 378-18-28,
3808106324,"ООО ""ПРИОР""",2024,63700000,BTL,checko_custom_parser,Деятельность по управлению холдинг-компаниями,,Москва,,,
9701264897,"ООО ""ИНТЕНСИВ ПРОДАКШН""",2024,9900000,BTL,checko_custom_parser,Деятельность рекламных агентств,0,Москва,,,vsiachina@mail.ru
7203254532,"ООО ""РЕГИОН-МЕДИА""",2024,6000000,BTL,checko_custom_parser,Деятельность рекламных агентств,1,Хабаровск,,+7 345 239-92-83,region_media@region-tyumen.ru
7728653953,"ООО ""БИТЛ ЭДВАНС""",2024,68600000,BTL,checko_custom_parser,Деятельность рекламных агентств,6,Москва,beetl.ru,+7 495 623-50-20,tmu@beetladv.com
5410059078,"ООО ""ПРО ДВИЖЕНИЕ""",2024,1600000,BTL,checko_custom_parser,Исследование конъюнктуры рынка,1,Псков,,,gagarina-n@yandex.ru
4401188406,"ООО ""ПРО-ДВИЖЕНИЕ""",2024,1600000,BTL,checko_custom_parser,Деятельность рекламных агентств,1,Псков,,,
7814676231,"ООО ""АДВИТЕРРА СПБ""",2024,12800000,BTL,checko_custom_parser,Деятельность рекламных агентств,1,Санкт-Петербург,,+7 812 702-69-79,info@adviterra.ru
6321374697,"ООО ""РА ШОКОЛАД""",2024,666000,BTL,checko_custom_parser,Деятельность рекламных агентств,1,Санкт-Петербург,rashokolad.ru,+7 927 788-85-76,ra_shokolad@mail.ru
2536303579,"ООО ""ПРОМО ЛАБ""",2024,245400000,BTL,checko_custom_parser,Деятельность рекламных агентств,,Казань,,,
2310236271,"ООО ""АРР""",2024,768000,BTL,checko_custom_parser,Консультирование по вопросам коммерческой деятельности и управления,0,Нижний Новгород,,,academy.rr@mail.ru
5260412823,"ООО ""ПРИЗМА""",2024,12900000,BTL,checko_custom_parser,Деятельность рекламных агентств,1,Петрозаводск,,+7 831 434-26-85,
9705066448,"ООО ""МЕДИА СЕВЕН ГРУПП""",2024,49900000,BTL,checko_custom_parser,Деятельность рекламных агентств,,Москва,sevenmedia.ru,+7 495 787-24-91,sviridyuk@sevenmedia.ru
1101139385,"ООО ""ПРО-ДВИЖЕНИЕ""",2024,3600000,BTL,checko_custom_parser,Консультирование по вопросам коммерческой деятельности и управления,1,Псков,mysyktyvkar.ru,+7 904 270-31-11,553111@bk.ru
6234088932,"ООО ""ЭКТИВ ГРУП""",2024,,BTL,checko_custom_parser,Деятельность рекламных агентств,1,Москва,active-group.ru,+7 491 246-06-06,info@active-group.ru
0277114248,"ООО ""ЭКВИЛОН МАРКЕТИНГ""",2024,39800000,BTL,checko_custom_parser,Деятельность рекламных агентств,,Уфа,equilon.ru,,
7813300388,"ООО ""ЕМГ МЕНЕДЖМЕНТ""",2024,37400000,BTL,checko_custom_parser,Консультирование по вопросам коммерческой деятельности и управления,5,Москва,,+7 812 336-43-86,
5029090630,"ООО АКГ ""ОСБИ-КЛАСС""",2024,1700000,BTL,checko_custom_parser,Консультирование по вопросам коммерческой деятельности и управления,,Москва,,+7 495 730-34-28,osbi@rambler.ru
9703141386,"ООО ""ЭДВЕРТАЙЗИНГ ФОРМУЛА""",2024,97100000,BTL,checko_custom_parser,Деятельность рекламных агентств,1,Чебоксары,,,
6316274440,"ООО ""А МЕДИА""",2024,,BTL,checko_custom_parser,Деятельность рекламных агентств,1,Красноярск,,,
1624018787,"ООО ""ХК ""ХОРОШИЕ ЛЮДИ""",2024,,BTL,checko_custom_parser,Деятельность головных офисов,0,Москва,,,goodpeople24@ya.ru
2460236802,"ООО ""А-МЕДИА""",2024,,BTL,checko_custom_parser,Деятельность рекламных агентств,0,Красноярск,24amedia.ru,+7 391 242-90-52,info@24amedia.ru
9725020297,"ООО ""МЕДИА СЕРВИС АКГ""",2024,5200000,BTL,checko_custom_parser,Деятельность рекламных агентств,,Москва,,,9680552@gmail.ru
7743391766,"ООО ""ПРЕЗИДЕНТ-СЕРВИС""",2024,,BTL,checko_custom_parser,Консультирование по вопросам коммерческой деятельности и управления,1,Пермь,,,
7817146962,"ООО ""БТЛ""",2024,,BTL,checko_custom_parser,Консультирование по вопросам коммерческой деятельности и управления,,Санкт-Петербург,,,fotoveber@mail.ru
6658461562,"ООО ""БИЗНЕС СЕКТОР""",2024,577000,BTL,checko_custom_parser,Консультирование по вопросам коммерческой деятельности и управления,0,Москва,,,
6623112835,"ООО ""ИДЕЯ""",2024,46900000,BTL,checko_custom_parser,Деятельность рекламных агентств,7,Чебоксары,ra-idea.com,+7 912 208-84-37,crt_ideya@mail.ru
7838437313,"ООО ""ЦЕНТР-МЕДИА""",2024,52700000,BTL,checko_custom_parser,Деятельность рекламная,,Санкт-Петербург,center-media.com,+7 812 993-78-21,info@center-media.com
3128127648,"ООО ""АРТ-МАСТЕР""",2024,20200000,BTL,checko_custom_parser,Деятельность рекламных агентств,,Барнаул,artmaster.st,,
7709454783,"ООО ""ФОРМУЛА АДВЕРТ""",2024,149800000,BTL,checko_custom_parser,Деятельность рекламных агентств,1,Чебоксары,,,buh12@whaudit.ru
5262135928,"ООО ""ЦЕНТР ДИЗАЙНА И ПРОДВИЖЕНИЯ""",2024,10800000,BTL,checko_custom_parser,Исследование конъюнктуры рынка и изучение общественного мнения,,Нижний Новгород,,+7 831 463-98-76,centr-pr@yandex.ru
3665818828,"ООО ""А-МЕДИА ПРО""",2024,29200000,BTL,checko_custom_parser,Деятельность рекламных агентств,6,Красноярск,,,mmps@mail.ru
0500000873,"ООО ""РЕКЛАМА ЦЕНТР""",2024,10900000,BTL,checko_custom_parser,Деятельность рекламных агентств,,Санкт-Петербург,,,kezikovd@inbox.ru
1685008031,"ООО ""АРР""",2024,7400000,BTL,checko_custom_parser,Консультирование по вопросам коммерческой деятельности и управления,7,Нижний Новгород,,,kilshat@yandex.ru
7703352200,"ООО ""ЧЕЙЛ РУС""",2024,1400000000,BTL,checko_custom_parser,Деятельность рекламных агентств,59,Москва,cheil.ru,+7 495 797-25-16,a.galimova@samsung.com
6831013722,"ООО ""АРТ-МАСТЕР""",2024,59700000,BTL,checko_custom_parser,Деятельность рекламных агентств,8,Барнаул,артмастер68.рф,+7 475 272-85-20,artmaster.tmb@yandex.ru
9727109582,"ООО ""АКГ АЛЬТАИР ИНВЕСТ""",2024,,BTL,checko_custom_parser,Консультирование по вопросам коммерческой деятельности и управления,,Москва,,,rafik61@bk.ru
1001280440,"ООО РА ""ПРОМО""",2024,57900000,BTL,checko_custom_parser,Деятельность рекламных агентств,17,Петрозаводск,reklamaptz.ru,+7 814 251-94-39,stepchvalery@yandex.ru
6670154938,"ООО ""ИНКАПРИ""",2024,10200000,BTL,checko_custom_parser,Деятельность рекламных агентств,1,Екатеринбург,,+7 963 855-55-91,inkapri@inkapri.com
3329087716,"ООО ""НРТ""",2024,,BTL,checko_custom_parser,Деятельность рекламных агентств,1,Владимир,new-rt.ru,+7 905 140-49-74,clients@new-rt.ru
7813527893,"ООО ""СОВА""",2024,18100000,BTL,checko_custom_parser,Деятельность рекламных агентств,,Москва,,+7 812 384-64-80,
5507079102,"ООО ""АВЕНЮ-РИЭЛТ""",2024,,BTL,checko_custom_parser,Деятельность рекламных агентств,0,Владивосток,,+7 381 259-91-09,natasha011278@yandex.ru
5407478488,"ООО ""ИДЕЯ НОВА""",2024,31200000,BTL,checko_custom_parser,Деятельность рекламных агентств,10,Чебоксары,ideanova.agency,,hi@ideanova.agency
9710075092,"ООО ""НАВИГАТОР ИВЕНТС""",2024,48700000,BTL,checko_custom_parser,Деятельность рекламных агентств,,Казань,navi.events,,
7721441491,"ООО ""АРТ МАСТЕР""",2024,375000,BTL,checko_custom_parser,Деятельность рекламных агентств,1,Барнаул,,,
5605020516,"ООО ""РА""АПЕЛЬСИН""",2024,680000,BTL,checko_custom_parser,Деятельность рекламных агентств,1,Самара,reklama-ku.ru,+7 353 731-35-13,raapelsin@mail.ru
2540280652,"ООО ""СЕВЕН""",2024,44600000,BTL,checko_custom_parser,Деятельность рекламных агентств,7,Москва,,,a.volkov.seven@mail.ru
7814552155,"ООО ""ЭТРЕКШН БТЛ""",2024,15800000,BTL,checko_custom_parser,Деятельность рекламная,,Санкт-Петербург,,+7 921 894-34-90,sergey@attraction-spb.ru
0276061508,"ООО ""СЕКТОР-ТРЕЙД""",2024,,BTL,checko_custom_parser,Деятельность рекламных агентств,0,Москва,,,stomat02@yandex.ru
5904186904,"ООО ""ИДЕЯ""",2024,20700000,BTL,checko_custom_parser,Деятельность рекламных агентств,,Чебоксары,,+7 992 204-62-68,ideainfo.perm@mail.ru
7707614375,"АО ""УК ""АВЕНЮ МЕНЕДЖМЕНТ""",2024,41300000,BTL,checko_custom_parser,Деятельность по управлению финансово-промышленными группами,16,Владивосток,avenue-holdings.ru,+7 495 648-26-67,gorunova.iv@avenue-group.com
6200008745,"ООО ""АРР""",2024,44100000,BTL,checko_custom_parser,Консультирование по вопросам коммерческой деятельности и управления,,Нижний Новгород,,+7 910 642-97-18,ageeva76@yandex.ru
7718899299,"ООО ""ИНТЕНСИВ МАРКЕТИНГ""",2024,56700000,BTL,checko_custom_parser,Деятельность рекламных агентств,8,Москва,,,info@in10sive.ru
7720907878,"АО ""ДЕЛОВОЙ СЕКТОР""",2024,,BTL,checko_custom_parser,Консультирование по вопросам коммерческой деятельности и управления,1,Москва,,,
2635261753,"ООО ""СЕКТОР РЕКЛАМЫ""",2024,6800000,BTL,checko_custom_parser,Деятельность рекламных агентств,1,Москва,t.me/cektop_p,+7 962 447-00-67,cektop-p@mail.ru
7604179593,"ООО ""ЦО ""АКСИОМА""",2024,4000000,BTL,checko_custom_parser,Консультирование по вопросам коммерческой деятельности и управления,1,Москва,,,
3849093522,"АО ""СИСТЕМА МАРКЕТИНГА И ПРОДАЖ""",2024,98900000,BTL,checko_custom_parser,Деятельность рекламных агентств,18,Ростов-на-Дону,,+7 902 513-18-62,
7701734228,"ООО ""ЭКСПРЕСС-РЕКЛАМА""",2024,2500000,BTL,checko_custom_parser,Деятельность рекламных агентств,,Санкт-Петербург,,,vv7822182@gmail.com
2308153772,"ООО ""РЕКЛАМНЫЙ ДОМ КУБАНИ""",2024,32900000,BTL,checko_custom_parser,Деятельность рекламных агентств,14,Краснодар,rdk1.ru,+7 861 255-94-04,info@rid-kuban.ru
1327027370,"ООО АРТ-СТУДИЯ ""УСПЕХ+""",2024,93400000,BTL,checko_custom_parser,Деятельность рекламных агентств,6,Санкт-Петербург,,+7 929 747-46-56,
9710096078,"ООО ""А-МЕДИА""",2024,6400000,BTL,checko_custom_parser,Деятельность рекламных агентств,1,Красноярск,,,info@epic-name.ru
7731420204,"ООО ""РУССМАРКЕТ""",2024,1000000000,BTL,checko_custom_parser,Деятельность рекламных агентств,11,Москва,russ-market.ru,,sales@russ-market.ru
7842429146,"ООО ""ФОРМУЛА ""К4""",2024,18000000,BTL,checko_custom_parser,Деятельность рекламных агентств,,Москва,,,
2801141134,"ООО ""АМУРСКИЙ МЕДИА ЦЕНТР""",2024,99700000,BTL,checko_custom_parser,Деятельность рекламная,,Санкт-Петербург,amcamur.ru,+7 416 234-61-19,noskovaevgenia@mail.ru
1001257674,"ООО ""КАРЕЛИЯ ПРОМО""",2024,0,BTL,checko_custom_parser,Деятельность рекламных агентств,1,Петрозаводск,,+7 814 259-55-55,
4205120560,"ООО ""АКСИОМА""",2024,3300000,BTL,checko_custom_parser,Деятельность рекламных агентств,1,Москва,,+7 384 239-38-58,aksioma42@mail.ru
4345468012,"ООО ""ФОРМУЛА ТРАФИКА""",2024,133900000,BTL,checko_custom_parser,Деятельность рекламных агентств,0,Чебоксары,,,
9715413309,"ООО ""АКГ БЕР""",2024,520000,BTL,checko_custom_parser,Консультирование по вопросам коммерческой деятельности и управления,,Москва,,,dasmirnov84@gmail.com
7814835192,"ООО ""ИМПУЛЬС""",2024,,BTL,checko_custom_parser,Деятельность рекламных агентств,1,Санкт-Петербург,wow-impulse.pro,,info@wow-impulse.pro
6165133780,"ООО ""УСПЕХ ПЛЮС""",2024,9500000,BTL,checko_custom_parser,Консультирование по вопросам коммерческой деятельности и управления,12,Санкт-Петербург,saporeitaliano.ru,+7 863 251-76-16,buh@saporeitaliano.ru
7725720873,"ООО ""НАВИГАТОР""",2024,52800000,BTL,checko_custom_parser,Деятельность рекламных агентств,,Казань,navygator.su,+7 495 517-00-77,
3250072099,"ООО ""ПРО-ДВИЖЕНИЕ""",2024,313000,BTL,checko_custom_parser,Деятельность рекламных агентств,1,Псков,,+7 961 102-44-11,pro-mth@mail.ru
7725828877,"ООО ""НОВЫЕ РЕКЛАМНЫЕ ТЕХНОЛОГИИ""",2024,8800000,BTL,checko_custom_parser,Деятельность рекламных агентств,1,Владимир,newadtech.ru,+7 495 152-00-43,new_adv_tech@mail.ru
7709185700,"ООО ""СЕКТОР-2А""",2024,,BTL,checko_custom_parser,Консультирование по вопросам коммерческой деятельности и управления,1,Москва,,,6712028@mail.ru
3812105926,"ООО ""АРР ""ПАЛАНТИР""",2024,727000,BTL,checko_custom_parser,Деятельность рекламных агентств,,Нижний Новгород,palantirus.ru,,larisa@palantirus.ru
8602255466,"ООО ""ПРИЗМА-МЕДИАГРУПП""",2024,,BTL,checko_custom_parser,Деятельность рекламных агентств,0,Петрозаводск,,+7 345 221-13-38,urizana@mail.ru
9723207388,"АО ""СЕКТОР УПРАВЛЕНИЯ""",2024,1300000,BTL,checko_custom_parser,Консультирование по вопросам коммерческой деятельности и управления,1,Москва,,,
7814417460,"ООО ""АЙ КЬЮ МЕДИА""",2024,27600000,BTL,checko_custom_parser,Деятельность рекламных агентств,1,Москва,iq-spb.com,+7 812 600-61-71,sokol_spb2004@mail.ru
9729045013,"ООО ""ПЛАНОГРАММА""",2024,332500000,BTL,checko_custom_parser,Деятельность рекламных агентств,8,Москва,,,info@plano-gramma.ru
2130012160,"ООО ""УК АКГ ""ЭТАЛОН""",2024,7300000,BTL,checko_custom_parser,Деятельность по управлению финансово-промышленными группами,9,Москва,etalon-company.ru,+7 835 245-00-55,
6165090649,"ООО ""РЕКЛАМА-ЦЕНТР""",2024,,BTL,checko_custom_parser,Деятельность рекламных агентств,1,Санкт-Петербург,,,
5605020516,"ООО ""РА""АПЕЛЬСИН""",2024,680000,BTL,checko_custom_parser,Деятельность рекламных агентств,1,Красноярск,reklama-ku.ru,+7 353 731-35-13,raapelsin@mail.ru
7806367744,"ООО ""ИНТЕРАКТИВ-КОНСАЛТИНГ""",2024,3100000,BTL,checko_custom_parser,Консультирование по вопросам коммерческой деятельности и управления,,Москва,intecon.ru,+7 812 511-51-93,palesika@mail.ru
4101088440,"ООО ""МАСС-МЕДИА ЦЕНТР""",2024,40300000,BTL,checko_custom_parser,Деятельность рекламная,7,Санкт-Петербург,,+7 914 785-65-65,massinfo@rosnd.ru
2130006720,"ООО ""АВЕНЮ""",2024,,BTL,checko_custom_parser,Деятельность рекламных агентств,,Владивосток,,+7 835 238-29-90,aveny.org@mail.ru
7726372393,"ООО ""СЕРВИЗОРИЯ""",2024,323400000,BTL,checko_custom_parser,Исследование конъюнктуры рынка и изучение общественного мнения,29,Москва,,+7 915 044-54-27,info@4service.ru
2308089799,"ООО ""РДК""",2024,,BTL,checko_custom_parser,Деятельность рекламных агентств,1,Краснодар,rdk1.ru,+7 918 246-12-11,info@rid-kuban.ru
7816355770,"ООО ""ПРО ДВИЖЕНИЕ""",2024,16000000,BTL,checko_custom_parser,Деятельность рекламных агентств,,Псков,,,
0272903619,"ООО ""ИДЕЯ ГРУПП""",2024,14800000,BTL,checko_custom_parser,Консультирование по вопросам коммерческой деятельности и управления,6,Чебоксары,,+7 919 152-76-03,
1840001890,"ООО ""ЦЕНТР ДМ""",2024,30200000,BTL,checko_custom_parser,Деятельность рекламных агентств,19,Санкт-Петербург,,+7 912 857-00-17,xax7@mail.ru
9704161265,"ООО ""ЦВЕТЕНИЕ ГРАНАТА""",2024,81100000,BTL,checko_custom_parser,Консультирование по вопросам коммерческой деятельности и управления,9,Красноярск,,,oleg.myshkin@gmail.com
2222825824,"ООО ""РЕКЛАМНО-ПРОИЗВОДСТВЕННЫЙ ХОЛДИНГ ""ЦЕНТР МЕДИА""",2024,20500000,BTL,checko_custom_parser,Деятельность рекламных агентств,,Санкт-Петербург,cnt-media.ru,+7 963 535-11-12,lpmamchur@mail.ru
7731177750,"ООО ""ОМИ""",2024,58500000,BTL,checko_custom_parser,Деятельность рекламных агентств,13,Москва,o-m-i.ru,,omi@o-m-i.ru
1655433399,"ООО ""ЭКСПРЕСС-РЕКЛАМА""",2024,7100000,BTL,checko_custom_parser,Деятельность рекламных агентств,,Санкт-Петербург,,,
5248021453,"ООО ""АПЕЛЬСИН""",2024,4000000,BTL,checko_custom_parser,Деятельность рекламных агентств,,Самара,apelsin.nnov.ru,+7 831 615-40-37,raapelsin@bk.ru
7451255847,"ООО ""УПРАВЛЯЮЩАЯ КОМПАНИЯ ""МЕДИА-ЦЕНТР""",2024,11600000,BTL,checko_custom_parser,Деятельность по управлению холдинг-компаниями,10,Санкт-Петербург,,,
7841066806,"ООО ""ОБРАЗОВАТЕЛЬНО-КОНСУЛЬТАЦИОННЫЙ ЦЕНТР ""УСПЕХ""",2024,264700000,BTL,checko_custom_parser,Консультирование по вопросам коммерческой деятельности и управления,1,Санкт-Петербург,sfera-uspeha.ru,+7 812 454-17-87,marina.bahenskaya@gmail.com
7806586827,"ООО ""СОВА""",2024,2300000,BTL,checko_custom_parser,Консультирование по вопросам коммерческой деятельности и управления,1,Москва,,,naseko@list.ru
7411068103,"ООО ""МАДЖЕНТА""",2024,3700000,BTL,checko_custom_parser,Консультирование по вопросам коммерческой деятельности и управления,,Москва,,+7 906 867-78-66,
7743410779,"ООО ""К4 КОНСАЛТИНГ""",2024,,BTL,checko_custom_parser,Консультирование по вопросам коммерческой деятельности и управления,1,Москва,,,white.shell@bk.ru
6679039136,"ООО ""УСПЕХ""",2024,47400000,BTL,checko_custom_parser,Деятельность рекламных агентств,,Санкт-Петербург,,,promouspeh@inbox.ru
7751222401,"ООО ""АПЕЛЬСИН""",2024,30000,BTL,checko_custom_parser,Деятельность рекламных агентств,1,Самара,,,agametov1738@icloud.com
9715470385,"ООО ""РДК""",2024,14800000,BTL,checko_custom_parser,Консультирование по вопросам коммерческой деятельности и управления,,Краснодар,,,
6732133803,"ООО ""НТ СИСТЕМА""",2024,196800000,BTL,checko_custom_parser,Деятельность рекламных агентств,1,Ростов-на-Дону,,+7 920 331-60-24,
9701197030,"ООО ""РЕВОЛЮШН ТРЕЙД""",2024,31700000,BTL,checko_custom_parser,Деятельность рекламных агентств,1,Москва,,,
2320173750,"ООО ""РД МАКСИМА-ЮГ""",2024,11700000,BTL,checko_custom_parser,Деятельность рекламных агентств,1,Краснодар,,+7 862 296-99-89,kuzmina@ra-maxima.ru
3906132996,"ООО ""ИДЕЯ ФИКС""",2024,3800000,BTL,checko_custom_parser,Деятельность рекламных агентств,1,Челябинск,idea-fix.com,+7 401 253-42-04,
2902087275,"ООО ""РДК ГРУПП""",2024,3600000,BTL,checko_custom_parser,Деятельность рекламных агентств,1,Краснодар,,,
7204083110,"ООО ""КГ ИНТЕРАКТИВ""",2024,1200000,BTL,checko_custom_parser,Консультирование по вопросам коммерческой деятельности и управления,1,Москва,interaktiv72.ru,+7 345 227-20-94,interaktiv@interaktiv72.ru
1659162460,"ООО ""СОВА""",2024,44800000,BTL,checko_custom_parser,Деятельность рекламных агентств,8,Москва,,,buh@lnservice.ru
7743231480,"ООО ""АПЕРКОМ""",2024,240900000,BTL,checko_custom_parser,Деятельность рекламных агентств,9,Москва,upper.com.ru,,
2536178751,"ООО ""АВЕНЮ-МЕДИА""",2024,18000000,BTL,checko_custom_parser,Деятельность рекламных агентств,0,Владивосток,,+7 423 277-37-35,
5029259799,"ООО ""ФОРМУЛА РЕКЛАМЫ""",2024,55000000,BTL,checko_custom_parser,Деятельность рекламных агентств,,Чебоксары,,,formrekl@03mos.com
7825493261,"ООО ""АВЕНЮ-ПРОМОУШН""",2024,3100000,BTL,checko_custom_parser,Деятельность рекламных агентств,1,Владивосток,,+7 812 313-37-00,
5260350775,"ООО РА ""АПЕЛЬСИН""",2024,11400000,BTL,checko_custom_parser,Деятельность рекламная,,Красноярск,,+7 831 439-16-40,apn@apelsinn.com
3906361393,"ООО ""ПРО-ДВИЖЕНИЕ""",2024,433000,BTL,checko_custom_parser,Деятельность рекламных агентств,0,Псков,,,
7718007630,"ООО ""ТМК-СИСТЕМА""",2024,289200000,BTL,checko_custom_parser,Деятельность рекламных агентств,19,Ростов-на-Дону,,,ariel-333@yandex.ru
7714490949,"ООО ""СОВА МОТОРС""",2024,3200000,BTL,checko_custom_parser,Деятельность головных офисов,10,Москва,,,
7707749887,"ООО ""МАРВЕЛОС""",2024,327700000,BTL,checko_custom_parser,Деятельность рекламных агентств,,Москва,,+7 495 604-10-57,friends@marvelous.ru
7703416326,"ООО ""ПИОНЕР""",2024,570000000,BTL,checko_custom_parser,Деятельность рекламных агентств,1,Барнаул,,+7 903 531-84-84,mail@antonov-race.ru
7807284201,"ООО ""СЕКТОР 9""",2024,,BTL,checko_custom_parser,Деятельность рекламных агентств,1,Москва,,,ivanov.vitaliy1@gmail.com
7801379087,"ООО ""АЛИДИ ПРОДВИЖЕНИЕ""",2024,1600000000,BTL,checko_custom_parser,Деятельность рекламных агентств,617,Москва,alidi-agency.ru,,agency@alidi.ru
9715395314,"ООО ""ИДЕЯ ГРАНДЕ КОММУНИКЕЙШЕНЗ ГРУП""",2024,12300000,BTL,checko_custom_parser,Деятельность рекламных агентств,1,Чебоксары,,,evlentieva@ideagrande.com
0274924734,"ООО ""АРТ-МЕДИА МАСТЕР""",2024,1000,BTL,checko_custom_parser,Деятельность рекламных агентств,1,Барнаул,,,
7725611120,"ООО ""СЕВЕН""",2024,1200000000,BTL,checko_custom_parser,Деятельность рекламных агентств,,Москва,7-btl.ru,+7 495 150-03-62,e.leonova@7-agency.ru
5405981664,"ООО ""БАНГЛА ГРУПП""",2024,,BTL,checko_custom_parser,Консультирование по вопросам коммерческой деятельности и управления,0,Нижний Новгород,,,info@irrusgroup.com
3525310431,"ООО ""ЦЕХ УСПЕХ""",2024,13700000,BTL,checko_custom_parser,Деятельность рекламных агентств,,Санкт-Петербург,,+7 817 270-83-08,info.volprofi@mail.ru
6150058219,"ООО ""НПП ""АПЕЛЬСИН""",2024,17200000,BTL,checko_custom_parser,Деятельность рекламных агентств,6,Самара,,+7 863 522-06-12,office@don-apelsin.ru
7714465082,"ООО ""СОВА ПАРТНЕРС""",2024,6200000,BTL,checko_custom_parser,Деятельность рекламных агентств,0,Москва,integralmodel.ru,,
1646028595,"ООО ""РЕКЛАМА-ЦЕНТР""",2024,55200000,BTL,checko_custom_parser,Деятельность рекламных агентств,11,Санкт-Петербург,я-реклама.рф,+7 855 577-50-09,75009@bk.ru
7714369117,"ООО ""ПРОМО МЕДИА ГРУПП""",2024,511000000,BTL,checko_custom_parser,Деятельность рекламных агентств,35,Казань,,,
5433964981,"ООО ""АПЕЛЬСИН""",2024,5600000,BTL,checko_custom_parser,Деятельность рекламных агентств,1,Самара,,,
6686111506,"ООО ""СОЮЗ ИНКАПРИ""",2024,19900000,BTL,checko_custom_parser,Деятельность рекламных агентств,1,Екатеринбург,,,
2224137196,"ООО ""ВАНИЛЛА ШОКОЛАД""",2024,1600000,BTL,checko_custom_parser,Деятельность рекламных агентств,1,Санкт-Петербург,,+7 385 250-09-76,
2223644034,"ООО ""КЬЮ ЭС АЙ""",2024,3400000,BTL,checko_custom_parser,Консультирование по вопросам коммерческой деятельности и управления,1,Москва,,,sheglova_lena@mail.ru
7708404483,"ООО ""ИДЕЯ""",2024,54800000,BTL,checko_custom_parser,Деятельность рекламных агентств,1,Чебоксары,,,info@mosreklama.net
7453253490,"ООО ""АК ""ИДЕЯ-ФИКС""",2024,70100000,BTL,checko_custom_parser,Деятельность рекламных агентств,11,Чебоксары,,+7 932 309-00-32,kuptsevich_t@mail.ru
5262382123,"ООО ""ОКА-ВОЛГА РЕГИОН""",2024,1500000,BTL,checko_custom_parser,Деятельность рекламных агентств,1,Хабаровск,,,245dan@mail.ru
5404193893,"ООО ""ПИОНЕР""",2024,6800000,BTL,checko_custom_parser,Деятельность головных офисов,1,Барнаул,,,grombuh42@yandex.ru
7825382385,"ООО ""ЭР АЙ КОММУНИКЕЙШН""",2024,141400000,BTL,checko_custom_parser,Исследование конъюнктуры рынка,167,Санкт-Петербург,ricommunication.ru,,buch@ricommunication.ru
8622023463,"ООО ""МАСТЕР-КЛАСС""",2024,723000,BTL,checko_custom_parser,Консультирование по вопросам коммерческой деятельности и управления,,Санкт-Петербург,,+7 346 752-82-41,yks.master-class@mail.ru
1650171069,"ООО ""РЕКЛАМА-ЦЕНТР-1""",2024,2400000,BTL,checko_custom_parser,Деятельность рекламная,1,Санкт-Петербург,,+7 855 235-47-52,
2466219627,"ООО ""РЕКЛАМА - ЦЕНТР""",2024,0,BTL,checko_custom_parser,Деятельность рекламных агентств,0,Санкт-Петербург,,,
9710098808,"ООО ""ЦИФРОВАЯ ФОРМУЛА ДОВЕРИЯ ОВЕРСИЗ""",2024,,BTL,checko_custom_parser,Консультирование по вопросам коммерческой деятельности и управления,1,Чебоксары,,,
1001290262,"ООО ""АРТ-ПРИЗМА""",2024,2800000,BTL,checko_custom_parser,Деятельность рекламных агентств,1,Петрозаводск,artprizma10.ru,+7 814 259-47-75,valentinka.1983@mail.ru
7801660770,"ООО ""АВЕНЮ""",2024,9000000,BTL,checko_custom_parser,Деятельность рекламных агентств,,Владивосток,,,9811430030@mail.ru
7606097561,"ООО ""ИССЛЕДОВАТЕЛЬСКОЕ АГЕНТСТВО ""МАНДАРИН""",2024,41000,BTL,checko_custom_parser,Исследование конъюнктуры рынка и изучение общественного мнения,1,Санкт-Петербург,,+7 485 275-70-82,tanilevanova@gmail.com
7734351301,"ООО ""КРЕОН РА""",2024,262500000,BTL,checko_custom_parser,Деятельность рекламных агентств,10,Москва,creonagency.ru,,rudenkoivane@mail.ru
7448250983,"ООО ""АКСИОМА""",2024,,BTL,checko_custom_parser,Консультирование по вопросам коммерческой деятельности и управления,0,Москва,,,aaksiomaa@mail.ru
1650279400,"ООО ""ПК ""РЕКЛАМА-ЦЕНТР""",2024,29100000,BTL,checko_custom_parser,Деятельность рекламных агентств,13,Санкт-Петербург,,+7 855 235-47-52,hasanshina@reklama-center.ru
7814795207,"ООО ""АЙ-КЬЮ ИНТЕРНЕШНЛ""",2024,107700000,BTL,checko_custom_parser,Деятельность рекламных агентств,,Москва,,,sergey_888@mail.ru
6155055606,"ООО ""НАВИГАТОР""",2024,46000000,BTL,checko_custom_parser,Деятельность рекламных агентств,7,Казань,promo-info.ru,,yu.hizhnyak@atoms.ru
7840479293,"ООО ""ЭКСПЕРТУС""",2024,110300000,BTL,checko_custom_parser,Консультирование по вопросам коммерческой деятельности и управления,6,Москва,expertus.llc,,info@expertus.llc
1001231404,"ООО ""СУПЕР ПРОМО""",2024,,BTL,checko_custom_parser,Деятельность рекламных агентств,1,Петрозаводск,,,
3305715055,"ООО АКГ ""ЭКСПЕРТОЦЕНКА""",2024,,BTL,checko_custom_parser,Консультирование по вопросам коммерческой деятельности и управления,1,Москва,,,ekspert.ocenka@mail.ru
5404449182,"ООО ""А МЕДИА МИКС""",2024,16800000,BTL,checko_custom_parser,Деятельность рекламных агентств,,Красноярск,,+7 913 907-21-67,mediamix.1@mail.ru
7704388255,"ООО ""СОВА""",2024,1700000000,BTL,checko_custom_parser,Деятельность рекламных агентств,10,Москва,,+7 495 228-20-80,rst1872@gmail.com
7842025873,"ООО ""УСПЕХ""",2024,17400000,BTL,checko_custom_parser,Деятельность рекламных агентств,,Санкт-Петербург,успех-спб.рф,+7 812 920-66-59,
6165118975,"ООО ""А. С. МЕДИА""",2024,,BTL,checko_custom_parser,Деятельность рекламных агентств,1,Красноярск,,+7 918 555-00-80,irenros@ya.ru
2308262884,"ООО ""СЕКТОР БИЗНЕСА ГРУПП""",2024,195000,BTL,checko_custom_parser,Деятельность рекламных агентств,,Москва,sector.business,+7 965 266-61-61,sbg@mail.ru
2536178705,"ООО ""ПАСИФИК МЕДИА""",2024,0,BTL,checko_custom_parser,Деятельность рекламных агентств,,Владивосток,pmvl.ru,+7 423 230-22-77,mbalkovsky@gmail.com
1515907754,"ООО ""ПРИЗМА""",2024,6500000,BTL,checko_custom_parser,Деятельность рекламная,,Петрозаводск,,,
6150058219,"ООО ""НПП ""АПЕЛЬСИН""",2024,17200000,BTL,checko_custom_parser,Деятельность рекламных агентств,6,Красноярск,,+7 863 522-06-12,office@don-apelsin.ru
1901071880,"ООО ""МАНДАРИН""",2024,1100000,BTL,checko_custom_parser,Деятельность рекламная,,Санкт-Петербург,,+7 390 222-25-21,
5610230251,"ООО ""ПРИОР МЕДИА""",2024,157600000,BTL,checko_custom_parser,Деятельность рекламных агентств,10,Москва,,+7 952 966-02-02,dasha.fomina.90@list.ru
3665808298,"ООО ""А-МЕДИА""",2024,1900000,BTL,checko_custom_parser,Деятельность рекламных агентств,0,Красноярск,,,
7702774047,"ООО ""САБАН ИНТЕРАКТИВ""",2024,50000,BTL,checko_custom_parser,Деятельность рекламных агентств,1,Москва,,,
5837079809,"ООО ""АРТ-МАСТЕР""",2024,17000000,BTL,checko_custom_parser,Деятельность рекламных агентств,6,Барнаул,artmaste.ru,,pr292059@mail.ru
7727295720,"ООО ""СОВА ДИДЖИТАЛ""",2024,15100000,BTL,checko_custom_parser,Деятельность рекламных агентств,,Москва,,,
7604382732,"ООО ""НАВИГАТОР""",2024,7300000,BTL,checko_custom_parser,Деятельность рекламных агентств,0,Казань,,,
7816582797,"ООО ""АКСИОМА""",2024,10200000,BTL,checko_custom_parser,Деятельность рекламных агентств,,Москва,,+7 812 841-96-56,aksioma.2018@mail.ru
5404314964,"ООО ""ЦЕНТР ПРОДВИЖЕНИЯ""",2024,128300000,BTL,checko_custom_parser,Деятельность рекламных агентств,6,Нижний Новгород,,,
7804459573,"ООО ""МАСТЕР-КЛАСС""",2024,7100000,BTL,checko_custom_parser,Деятельность рекламная,,Санкт-Петербург,m-class.biz,+7 921 888-13-01,info@m-class.biz
9715239509,"ООО ""АЙКОНИКОЛОР""",2024,438500000,BTL,checko_custom_parser,Деятельность рекламных агентств,12,Москва,,,
5260459814,"ООО ""АРР НН""",2024,5300000,BTL,checko_custom_parser,Консультирование по вопросам коммерческой деятельности и управления,,Нижний Новгород,,,
4101108791,"ООО ""МАСС-МЕДИА ТВ ЦЕНТР""",2024,42900000,BTL,checko_custom_parser,Деятельность рекламных агентств,6,Санкт-Петербург,,+7 961 963-04-04,burykin@me.com
7701517417,"ООО ""ФОРМУЛА МРП""",2024,0,BTL,checko_custom_parser,Консультирование по вопросам коммерческой деятельности и управления,1,Чебоксары,,,
7701758162,"ООО ""МАНДАРИН""",2024,177100000,BTL,checko_custom_parser,Деятельность рекламных агентств,8,Санкт-Петербург,mandarin.red-red.ru,+7 977 420-66-77,mandarin@mandarin-tv.ru
7705843718,"ООО ""ПРОМО-СИТИ ГРУПП""",2024,87500000,BTL,checko_custom_parser,Деятельность рекламных агентств,,Казань,,,agorina@aero-promo.ru
7728702350,"ООО ""ПРИОР МЕДИА""",2024,,BTL,checko_custom_parser,Деятельность рекламных агентств,1,Москва,,,
3662235458,"ООО ""НАВИГАТОР""",2024,60200000,BTL,checko_custom_parser,Деятельность рекламных агентств,9,Казань,,+7 980 343-60-50,olubivaya@mail.ru
7716708083,"ООО ""СПУТНИК МАРКЕТИНГ""",2024,0,BTL,checko_custom_parser,Консультирование по вопросам коммерческой деятельности и управления,1,Екатеринбург,,,kotexcontest@sputniki.com
3811155378,"ООО ""АРТ-МАСТЕР+""",2024,,BTL,checko_custom_parser,Деятельность рекламная,0,Барнаул,,+7 395 274-93-03,
4345478772,"ООО ""ТРАФИК ФОРМУЛА""",2024,56400000,BTL,checko_custom_parser,Деятельность рекламных агентств,0,Чебоксары,trafficformulas.ru,+7 499 348-26-94,info@tfm24.ru
1646041074,"ООО ""РЕКЛАМНЫЙ ВЕСТНИК""",2024,20300000,BTL,checko_custom_parser,Деятельность рекламных агентств,,Краснодар,rtv-complex.ru,+7 919 975-90-00,cocucka55@ya.ru
2536203214,"ООО ""ЭДДИСОН ДВ""",2024,,BTL,checko_custom_parser,Деятельность рекламных агентств,1,Владивосток,eddison.ru,+7 423 264-24-03,info@eddison.ru
3811160096,"ООО ""БИЗНЕС НАВИГАТОР""",2024,9800000,BTL,checko_custom_parser,Деятельность рекламных агентств,,Казань,,,
2130103890,"ООО ""АВЕНЮ 21""",2024,10100000,BTL,checko_custom_parser,Деятельность рекламная,6,Владивосток,авеню21.рф,+7 927 860-66-45,kachanov.1985@mail.ru
0323361477,"ООО ""ПРО-ДВИЖЕНИЕ""",2024,,BTL,checko_custom_parser,Консультирование по вопросам коммерческой деятельности и управления,,Псков,,+7 800 350-34-21,
7452116388,"ООО ""ИДЕЯ ФИКС ЦЕРЕМОНИ""",2024,9200000,BTL,checko_custom_parser,Деятельность рекламных агентств,1,Челябинск,,,a.sharovskaya@ideafixgroup.com
9703139193,"ООО ""АДЖЕНДА ПРОМО""",2024,151200000,BTL,checko_custom_parser,Деятельность рекламных агентств,,Казань,,,17shevchenkoi87@gmail.com
7710633064,"ООО ""ИНТЕНСИВ""",2024,171300000,BTL,checko_custom_parser,Деятельность рекламных агентств,11,Москва,in10sive.ru,+7 495 229-12-44,info@in10sive.ru
6165209125,"ООО ""РДК""",2024,2200000,BTL,checko_custom_parser,Консультирование по вопросам коммерческой деятельности и управления,,Краснодар,русскийдомкосметологии.рф,+7 988 571-90-01,
9705128574,"ООО ""ПИОНЕР КОНСАЛТИНГ""",2024,12500000,BTL,checko_custom_parser,Консультирование по вопросам коммерческой деятельности и управления,6,Барнаул,pioneercert.ru,,
3804012636,"ООО ФИРМА ""ПИОНЕР""",2024,4200000,BTL,checko_custom_parser,Деятельность рекламная,1,Барнаул,pioner-reklama.ru,+7 395 325-90-80,
3849060005,"ООО ""МАНДАРИН""",2024,0,BTL,checko_custom_parser,Деятельность рекламных агентств,1,Санкт-Петербург,,+7 914 895-90-39,
5262059113,"ООО ТК ""ЗОЛОТОЙ ГВОЗДЬ""",2024,778000,BTL,checko_custom_parser,Деятельность рекламных агентств,1,Краснодар,,,
7810401860,"ООО ""АПЕЛЬСИН""",2024,1000000,BTL,checko_custom_parser,Деятельность рекламных агентств,1,Самара,,,9853162@mail.ru
7842035977,"ООО ""ЕМГ СПБ""",2024,,BTL,checko_custom_parser,Деятельность по управлению холдинг-компаниями,0,Москва,,+7 812 333-18-07,lanshakova@ag-group.org
5506202346,"ООО ""АНАЛИТИЧЕСКОЕ АГЕНТСТВО АЙ КЬЮ КОНСАЛТИНГ""",2024,,BTL,checko_custom_parser,Исследование конъюнктуры рынка и изучение общественного мнения,1,Москва,iqconsulting.ru,+7 381 289-23-69,iqconsultingemail@gmail.com
6454104594,"ООО ""РПК ""ГОЛОС МЕДИА""",2024,,BTL,checko_custom_parser,Деятельность рекламных агентств,1,Саратов,,+7 845 225-36-74,tender@ra-gm.ru
7726581051,"ООО ""ШОКОЛАД""",2024,0,BTL,checko_custom_parser,Деятельность рекламных агентств,0,Санкт-Петербург,shoks.ru,+7 499 381-81-80,
7703356081,"ООО ""КОРВЕЛЛ""",2024,17800000,BTL,checko_custom_parser,Деятельность рекламных агентств,,Москва,,+7 495 988-43-98,agency@corwell.ru
9729192466,"ООО ""НЭКСТ ЛЭВЭЛ""",2024,325500000,BTL,checko_custom_parser,Деятельность рекламных агентств,19,Ростов-на-Дону,,,
1644102490,"ООО ""СОВА""",2024,193000,BTL,checko_custom_parser,Деятельность рекламных агентств,0,Москва,,,sova.reklam@yandex.ru
6102078952,"ООО ""АКСИОМА""",2024,7600000,BTL,checko_custom_parser,Консультирование по вопросам коммерческой деятельности и управления,1,Москва,,+7 989 503-83-19,axioma063@mail.ru
7714672843,"ООО ""ДЕЛЮКС ИНТЕРАКТИВ""",2024,62700000,BTL,checko_custom_parser,Деятельность рекламных агентств,11,Москва,deluxe-interactive.ru,+7 903 961-58-98,info@deluxe-interactive.ru
7448038627,"ООО ""МД - ГРУПП""",2024,0,BTL,checko_custom_parser,Консультирование по вопросам коммерческой деятельности и управления,,Нижний Новгород,,+7 351 223-90-93,vacheron.c@gmail.com
7452111990,"ООО ""ИДЕЯ ФИКС БТЛ""",2024,6900000,BTL,checko_custom_parser,Деятельность рекламных агентств,1,Челябинск,,,kuptsevich_t@mail.ru
7810384005,"ООО ""БТЛ ГРУПП""",2024,0,BTL,checko_custom_parser,Деятельность рекламных агентств,,Санкт-Петербург,,,glavbuh@retail-spb.ru
2320138851,"ООО ""МАНДАРИН СТУДИЯ""",2024,,BTL,checko_custom_parser,Деятельность рекламных агентств,,Санкт-Петербург,аниматор-сочи.рф,,
7733644979,"ООО ""НАВИГАТОР СТАЙЛ""",2024,132500000,BTL,checko_custom_parser,Деятельность рекламных агентств,12,Казань,sign365.ru,+7 910 406-56-79,angelika_af@mail.ru
3460019486,"ООО ""МАДЖЕНТА""",2024,8000000,BTL,checko_custom_parser,Деятельность рекламных агентств,,Москва,,+7 961 057-72-17,magenta134@mail.ru
7804549160,"ООО ""БТЛ-СТУДИЯ""",2024,63500000,BTL,checko_custom_parser,Деятельность рекламных агентств,,Санкт-Петербург,,,7804549160_780401001@tensor.ru
2310237500,"ООО ""МАНДАРИН ФЭМИЛИ""",2024,1100000,BTL,checko_custom_parser,Консультирование по вопросам коммерческой деятельности и управления,1,Санкт-Петербург,,,
6318243937,"ООО ""АВЕНЮ""",2024,3300000,BTL,checko_custom_parser,Деятельность рекламных агентств,0,Владивосток,grksamara.ru,+7 846 972-07-22,cham-76@mail.ru
7802660100,"ООО ""АКСИОМА ВЕБ""",2024,527299999,BTL,checko_custom_parser,Деятельность рекламных агентств,27,Москва,aksioma-web.ru,+7 812 210-55-10,buh9213087870@gmail.com
9729052275,"ООО ""ПРО ДВИЖЕНИЕ""",2024,126400000,BTL,checko_custom_parser,Деятельность рекламных агентств,,Псков,,,
1326201748,"ООО ""РЕКЛАМНАЯ МАСТЕРСКАЯ АРТ МАСТЕР""",2024,16100000,BTL,checko_custom_parser,Деятельность рекламных агентств,14,Барнаул,artmastersaransk.ru,+7 834 235-56-41,artmassar@yandex.ru
2536155610,"ООО ""МАДЖЕНТА""",2024,22300000,BTL,checko_custom_parser,Деятельность рекламных агентств,5,Москва,magenta-biz.com,+7 423 249-98-99,info@magenta-biz.com
7751345650,"ООО ""МАНДАРИН""",2024,,BTL,checko_custom_parser,Деятельность рекламных агентств,,Санкт-Петербург,,,lukanov-nikita@mail.ru
9727042313,"ООО ""ПРОМОМИР""",2024,5900000,BTL,checko_custom_parser,Деятельность рекламных агентств,1,Санкт-Петербург,,,
9715222199,"ООО ""ПРИЗМА""",2024,47700000,BTL,checko_custom_parser,Деятельность рекламных агентств,,Петрозаводск,,+7 916 119-10-07,priz@ya.ru
5403358687,"ООО ""МЕДИА ЦЕНТР""",2024,6500000,BTL,checko_custom_parser,Деятельность рекламных агентств,1,Санкт-Петербург,mysibir.ru,,
5248021453,"ООО ""АПЕЛЬСИН""",2024,4000000,BTL,checko_custom_parser,Деятельность рекламных агентств,,Красноярск,apelsin.nnov.ru,+7 831 615-40-37,raapelsin@bk.ru
7706696551,"ООО ""ЭКТИВЕЙТ""",2024,167800000,BTL,checko_custom_parser,Деятельность рекламных агентств,6,Москва,active8.ru,,hello@active8.ru
7725401620,"ООО ""Ю-ИНТЕРАКТИВ""",2024,5000000,BTL,checko_custom_parser,Консультирование по вопросам коммерческой деятельности и управления,1,Москва,,,
9702075123,"АО ""АРТ МАСТЕР""",2024,,BTL,checko_custom_parser,Деятельность головных офисов,,Барнаул,,,
7703635416,"АО ""ГК ""ПИОНЕР""",2024,88800000,BTL,checko_custom_parser,Деятельность по управлению финансово-промышленными группами,5,Барнаул,pioneer.ru,+7 929 926-59-69,zapros@pioneer.ru
5902064788,"ООО ""К4""",2024,25300000,BTL,checko_custom_parser,Консультирование по вопросам коммерческой деятельности и управления,8,Москва,,,
7728854561,"ООО ""ГНЕЗДО.РУ""",2024,400700000,BTL,checko_custom_parser,Деятельность рекламных агентств,,Москва,,,nata@nox.ru
9201509764,"ООО ""Т-СИСТЕМА""",2024,126800000,BTL,checko_custom_parser,Консультирование по вопросам коммерческой деятельности и управления,,Ростов-на-Дону,,+7 916 288-08-88,info@t-sysstema.com
1500003731,"ООО ""МАРКЕТИНГ ГРУПП ""СТАРТ""",2024,2200000,BTL,checko_custom_parser,Деятельность рекламных агентств,1,Воронеж,,,mgruppstart@inbox.ru
0323404297,"ООО ""АБСОЛЮТ""",2024,135000,BTL,checko_custom_parser,Исследование конъюнктуры рынка и изучение общественного мнения,,Ростов-на-Дону,,+7 301 229-72-87,info@tgabsolut.ru
3849002395,"ООО ""АКСИОМА""",2024,36700000,BTL,checko_custom_parser,Деятельность рекламных агентств,,Москва,403303.ru,+7 395 240-33-03,info@403303.ru
5902992786,"ООО ""УК ""ПИОНЕР""",2024,2800000,BTL,checko_custom_parser,Консультирование по вопросам коммерческой деятельности и управления,7,Барнаул,,+7 342 206-76-14,shiryaeva@pioneer-mc.com
0277081377,"ООО ""ЭКВИЛОН""",2024,78300000,BTL,checko_custom_parser,Деятельность рекламных агентств,1,Уфа,equilon.ru,+7 347 240-20-00,elena@equilon.ru
5406276672,"ООО ""МАРКЕТИНГ ЛЭНД",2024,39600000,BTL,checko_custom_parser,Исследование конъюнктуры рынка и изучение общественного мнения,,Новосибирск,m-land.ru,+7 383 203-32-22,m-land@m-land.ru
7450078426,"ООО ""БОНИФАЦИЙ""",2024,0,BTL,checko_custom_parser,Деятельность рекламная,1,Челябинск,,+7 351 247-12-30,a.bukina@bonifaciy74.ru
9703000219,"ООО ""ИНВИЗИБЛ ПРОМО""",2024,134500000,BTL,checko_custom_parser,Деятельность рекламных агентств,7,Казань,,,
2465231558,"ООО ""АЛЯСКА""",2024,32900000,BTL,checko_custom_parser,Деятельность рекламных агентств,,Красноярск,,+7 391 259-59-91,mail@alaska24.ru
5904398881,"ООО ""ММК""",2024,0,BTL,checko_custom_parser,Деятельность рекламных агентств,1,Киров,,,
1655289018,"ООО ""ГРУПП МАСТЕР КЛАСС""",2024,60000,BTL,checko_custom_parser,Консультирование по вопросам коммерческой деятельности и управления,1,Санкт-Петербург,gm-class.ru,,info@gm-class.ru
2308169300,"ООО ""ЦЕНТР СОБЫТИЙ""",2024,,BTL,checko_custom_parser,Деятельность рекламных агентств,,Петрозаводск,sobcenter.ru,+7 861 274-45-98,krasnodar.8@mail.ru
7804520620,"ООО ""АКСИОМА""",2024,85000000,BTL,checko_custom_parser,Деятельность рекламных агентств,,Москва,aa-axiom.ru,+7 906 250-02-64,
0274989675,"ООО ""МД ГРУПП""",2024,532000,BTL,checko_custom_parser,Консультирование по вопросам коммерческой деятельности и управления,1,Нижний Новгород,,,eugorodnichev@yandex.ru
7706730192,"ООО ""АКСИОМА""",2024,2500000,BTL,checko_custom_parser,Деятельность рекламная,1,Москва,,+7 495 951-14-17,info@rmadv.ru
9725104194,"АО ""СИСТЕМА РАЗВИТИЯ""",2024,,BTL,checko_custom_parser,Консультирование по вопросам коммерческой деятельности и управления,0,Ростов-на-Дону,,,
1650199265,"ООО ""МАНДАРИН ГРУПП""",2024,630000,BTL,checko_custom_parser,Деятельность рекламная,1,Санкт-Петербург,mandarin.pul.ru,,
7604338211,"ООО ""СИСТЕМА+""",2024,86400000,BTL,checko_custom_parser,Деятельность рекламных агентств,1,Ростов-на-Дону,,,
6150052305,"ООО ""НПП МК ""ДОН АПЕЛЬСИН""",2024,6100000,BTL,checko_custom_parser,Деятельность рекламных агентств,6,Самара,don-apelsin.ru,+7 863 522-06-12,office@don-apelsin.ru
2308302488,"ООО ""ИНТЕНСИВ""",2024,,BTL,checko_custom_parser,Деятельность в сфере связей с общественностью,,Москва,,,ddp0236@mail.ru
1657057414,"ООО ""ПРИЗМА""",2024,,BTL,checko_custom_parser,Деятельность рекламных агентств,1,Петрозаводск,,,
3808078910,"ООО ""МЕДИА ЦЕНТР""",2024,46400000,BTL,checko_custom_parser,Деятельность рекламных агентств,10,Санкт-Петербург,,+7 903 795-49-85,annazhilkin@mail.ru
7715764776,"ООО ""МЕДИА-ГРУППА ""А-МЕДИА""",2024,7000000,BTL,checko_custom_parser,Деятельность рекламная,1,Красноярск,,+7 915 195-44-79,amedia5@mail.ru
9719004201,"ООО ""ЕМГ""",2024,43000,BTL,checko_custom_parser,Деятельность по управлению холдинг-компаниями,0,Москва,,,
5260216040,"ООО ""ЦЕНТР ПРОДВИЖЕНИЯ-НН""",2024,0,BTL,checko_custom_parser,Деятельность рекламных агентств,1,Нижний Новгород,арт-грядка.рф,,info@prorek.ru
9715408700,"ООО ""АЙ-ЭКШН""",2024,77100000,BTL,checko_custom_parser,Деятельность рекламных агентств,10,Москва,,,m.zaretskaya@i-actions.ru
7708595245,"ООО ""МАНДАРИН""",2024,9900000,BTL,checko_custom_parser,Деятельность рекламных агентств,,Санкт-Петербург,kartastran.ru,,
6732003441,"ООО ""ИДЕЯ""",2024,94400000,BTL,checko_custom_parser,Деятельность рекламная,10,Чебоксары,,+7 920 663-47-65,ostrovsv@mail.ru
7718881750,"ООО ""АИДА ПИОНЕР РУ""",2024,13100000,BTL,checko_custom_parser,Деятельность рекламных агентств,1,Барнаул,,,kinofinance@mail.ru
6658568139,"ООО ""УСПЕХ ПРИХОДИТ ЛЕГКО, БЫСТРО И С УДОВОЛЬСТВИЕМ""",2024,13700000,BTL,checko_custom_parser,Деятельность рекламных агентств,1,Санкт-Петербург,,,ooo-successful-success@yandex.ru
3661069328,"ООО ""АВЕНЮ ГРУПП""",2024,36300000,BTL,checko_custom_parser,Деятельность рекламных агентств,,Владивосток,posmasters.ru,,sale@master-pos.ru
7825012842,"ООО "" РЕКЛАМА-ЦЕНТР""",2024,752800000,BTL,checko_custom_parser,Деятельность рекламных агентств,56,Санкт-Петербург,reklamacenter.ru,+7 812 318-00-00,lawyer@rekcenter.spb.ru
7842065851,"ООО ""БТЛ""",2024,,BTL,checko_custom_parser,Деятельность рекламных агентств,1,Санкт-Петербург,,+7 965 098-03-63,
9713006227,"ООО ""СТЕМ ФИНАНС ПАРТНЕРС""",2024,44800000,BTL,checko_custom_parser,Консультирование по вопросам коммерческой деятельности и управления,,Санкт-Петербург,stemfinancepartners.ru,,grinfeld74@gmail.com
9709085811,"ООО ""АКГ МАРИЛЛИОН""",2024,2800000,BTL,checko_custom_parser,Консультирование по вопросам коммерческой деятельности и управления,1,Москва,marillion.ru,,bd@marillion.ru
5405422031,"ООО ""АКСИОМА ПРИНТ""",2024,4600000,BTL,checko_custom_parser,Деятельность рекламных агентств,1,Москва,,+7 952 929-11-91,ksansk@ya.ru
7727759210,"ООО ""ИНТЕРАКТИВ""",2024,645300000,BTL,checko_custom_parser,Деятельность рекламная,15,Москва,,+7 929 676-43-19,kondrikov@yandex.ru
3525427327,"ООО ""ФИОЛЕТОВАЯ СОВА""",2024,4000000,BTL,checko_custom_parser,Деятельность рекламных агентств,1,Москва,,,
7726414244,"ООО ""ФОРМУЛА МЕДИА""",2024,56900000,BTL,checko_custom_parser,Деятельность рекламных агентств,,Чебоксары,,,
5433964981,"ООО ""АПЕЛЬСИН""",2024,5600000,BTL,checko_custom_parser,Деятельность рекламных агентств,1,Красноярск,,,
7453253490,"ООО ""АК ""ИДЕЯ-ФИКС""",2024,70100000,BTL,checko_custom_parser,Деятельность рекламных агентств,11,Челябинск,,+7 932 309-00-32,kuptsevich_t@mail.ru
0562068769,"ООО ""РИЦ ""БИЗНЕС-РЕКЛАМА""",2024,,BTL,checko_custom_parser,Деятельность рекламных агентств,,Санкт-Петербург,,+7 928 506-91-81,biznes-info05@mail.ru
9715318729,"ООО ""ЛЮКС-ПРОМО""",2024,1800000000,BTL,checko_custom_parser,Деятельность рекламных агентств,6,Казань,,,astrelina@lux-promo.ru
5903151539,"ООО ""МД - ПЕРМЬ""",2024,282700000,BTL,checko_custom_parser,Деятельность рекламных агентств,19,Нижний Новгород,,,nvbaltabaeva@mdperm.media
7107531783,"ООО РА ""СОВА ПЛЮС""",2024,3400000,BTL,checko_custom_parser,Деятельность рекламных агентств,,Москва,sovaplus.ru,+7 910 944-17-43,sovaplus@bk.ru
9710098332,"АО ""АКГ ""ТЕХНОЛОГИИ ДОВЕРИЯ""",2024,,BTL,checko_custom_parser,Деятельность головных офисов,1,Москва,,,
2706032103,"ООО ""А-МЕДИА""",2024,631000,BTL,checko_custom_parser,Деятельность рекламных агентств,0,Красноярск,,,loveradio@amurskfm.ru
5029257897,"ООО ""ЦЕНТР ПРОДВИЖЕНИЯ""",2024,12800000,BTL,checko_custom_parser,Консультирование по вопросам коммерческой деятельности и управления,,Нижний Новгород,,,
6150052305,"ООО ""НПП МК ""ДОН АПЕЛЬСИН""",2024,6100000,BTL,checko_custom_parser,Деятельность рекламных агентств,6,Красноярск,don-apelsin.ru,+7 863 522-06-12,office@don-apelsin.ru
7814706687,"ООО ""АС ""ИДЕЯ""",2024,117900000,BTL,checko_custom_parser,Исследование конъюнктуры рынка и изучение общественного мнения,9,Чебоксары,,,
9727108275,"ООО ""МАДЖЕНТА""",2024,,BTL,checko_custom_parser,Деятельность рекламных агентств,,Москва,,,
5007054491,"ООО ""НАВИГАТОР""",2024,4099999,BTL,checko_custom_parser,Консультирование по вопросам коммерческой деятельности и управления,1,Казань,,+7 496 223-37-89,
7802664295,"ООО ""БТЛ ПРОСТОР""",2024,89900000,BTL,checko_custom_parser,Деятельность рекламных агентств,,Санкт-Петербург,,,filnenko@yandex.ru
0273087265,"ООО ""НРТ""",2024,11300000,BTL,checko_custom_parser,Деятельность рекламных агентств,5,Владимир,,+7 347 238-16-80,ind_rec@mail.ru
7813618646,"ООО ""МД ГРУПП""",2024,,BTL,checko_custom_parser,Консультирование по вопросам коммерческой деятельности и управления,1,Нижний Новгород,,,n.fink@dolgcons.ru
8602067800,"ООО ""ТРИ""А""-МЕДИА""",2024,18500000,BTL,checko_custom_parser,Деятельность рекламная,,Красноярск,3-a-media.ru,+7 346 247-52-51,vedruss@inbox.ru
5254486560,"ООО ""СЕВЕН""",2024,,BTL,checko_custom_parser,Консультирование по вопросам коммерческой деятельности и управления,1,Москва,,,zaharovaa@als.nnov.ru
2801277819,"ООО ""ОКЕЙ КОММ""",2024,494000,BTL,checko_custom_parser,Деятельность рекламных агентств,1,Благовещенск,,,okbtl@mail.ru
6672299093,"ООО ""РЕКЛАМНОЕ АГЕНТСТВО ГО""",2024,0,BTL,checko_custom_parser,Деятельность рекламных агентств,0,Екатеринбург,,+7 343 287-03-03,mz@go-ra.info
4401099636,"ООО ""ТО ""ШОКОЛАД""",2024,2900000,BTL,checko_custom_parser,Деятельность рекламная,5,Санкт-Петербург,,+7 910 956-01-51,
5904344371,"ООО ""БИЗНЕС УСПЕХ""",2024,41400000,BTL,checko_custom_parser,Консультирование по вопросам коммерческой деятельности и управления,,Санкт-Петербург,,+7 912 060-04-94,dm@bu1.su
